{
  "Algorithm": "HUOPM_Improved",
  "Dataset": "Retail",
  "Runtime": 8.817845106124878,
  "Peak_Memory": 80.53254508972168,
  "Patterns_Found": 43,
  "Candidates_Evaluated": 43,
  "Pruned_Nodes": 0,
  "Wubocc_Pruned": 0,
  "Total_Expanded": 43,
  "Threshold_Trace": [],
  "Params": {
    "alpha": 0.002,
    "beta": 0.3
  },
  "Patterns": [
    [
      [
        "1589"
      ],
      181,
      0.3195323215229548
    ],
    [
      [
        "3006",
        "39"
      ],
      195,
      0.32472288960352713
    ],
    [
      [
        "1832",
        "39"
      ],
      252,
      0.3304825475858202
    ],
    [
      [
        "1189",
        "39"
      ],
      256,
      0.3430900727144142
    ],
    [
      [
        "1591",
        "39"
      ],
      281,
      0.3369426228873104
    ],
    [
      [
        "1591",
        "39",
        "40"
      ],
      193,
      0.3104343736323531
    ],
    [
      [
        "505",
        "39"
      ],
      245,
      0.3650413636175747
    ],
    [
      [
        "1530",
        "39"
      ],
      295,
      0.3195369554673611
    ],
    [
      [
        "1530",
        "39",
        "40"
      ],
      202,
      0.3132346017691268
    ],
    [
      [
        "371",
        "39"
      ],
      362,
      0.356337118835422
    ],
    [
      [
        "371",
        "39",
        "49"
      ],
      191,
      0.308734195525101
    ],
    [
      [
        "371",
        "39",
        "40"
      ],
      241,
      0.3352572980180588
    ],
    [
      [
        "791",
        "42",
        "39"
      ],
      202,
      0.3188572041064337
    ],
    [
      [
        "57",
        "39"
      ],
      514,
      0.30452734811051074
    ],
    [
      [
        "56",
        "39"
      ],
      657,
      0.34344061627068123
    ],
    [
      [
        "56",
        "39",
        "40"
      ],
      422,
      0.3088542752272016
    ],
    [
      [
        "287",
        "42",
        "39"
      ],
      259,
      0.39288986513712926
    ],
    [
      [
        "287",
        "42",
        "39",
        "40"
      ],
      203,
      0.372667855870552
    ],
    [
      [
        "287",
        "33",
        "39"
      ],
      222,
      0.3723947718735561
    ],
    [
      [
        "287",
        "39"
      ],
      1116,
      0.36938712192050027
    ],
    [
      [
        "287",
        "39",
        "49"
      ],
      581,
      0.3105868318894303
    ],
    [
      [
        "287",
        "39",
        "40"
      ],
      728,
      0.31591102065208926
    ],
    [
      [
        "271",
        "272"
      ],
      680,
      0.31212438002843623
    ],
    [
      [
        "271",
        "272",
        "42"
      ],
      219,
      0.3771476635398483
    ],
    [
      [
        "271",
        "272",
        "42",
        "40"
      ],
      179,
      0.37278509647639985
    ],
    [
      [
        "111",
        "37",
        "39"
      ],
      182,
      0.33692817650774526
    ],
    [
      [
        "111",
        "42",
        "39"
      ],
      666,
      0.3955501878636006
    ],
    [
      [
        "111",
        "42",
        "39",
        "49"
      ],
      419,
      0.34792507228341396
    ],
    [
      [
        "111",
        "42",
        "39",
        "49",
        "40"
      ],
      346,
      0.3376100429308521
    ],
    [
      [
        "111",
        "42",
        "39",
        "40"
      ],
      511,
      0.38137042795414705
    ],
    [
      [
        "111",
        "33",
        "39"
      ],
      443,
      0.3458210526100887
    ],
    [
      [
        "111",
        "39"
      ],
      2725,
      0.3984204146503158
    ],
    [
      [
        "111",
        "39",
        "49"
      ],
      1361,
      0.32041471066539423
    ],
    [
      [
        "111",
        "39",
        "40"
      ],
      1740,
      0.34842282196942936
    ],
    [
      [
        "37",
        "171",
        "39"
      ],
      210,
      0.33308423926796304
    ],
    [
      [
        "171",
        "42",
        "39"
      ],
      794,
      0.3740956001534602
    ],
    [
      [
        "171",
        "42",
        "39",
        "49"
      ],
      484,
      0.3390688955270042
    ],
    [
      [
        "171",
        "42",
        "39",
        "49",
        "40"
      ],
      413,
      0.33987518210807605
    ],
    [
      [
        "171",
        "42",
        "39",
        "40"
      ],
      615,
      0.36538100279198693
    ],
    [
      [
        "171",
        "33",
        "39"
      ],
      532,
      0.33250689352337737
    ],
    [
      [
        "171",
        "33",
        "39",
        "40"
      ],
      326,
      0.31556365217959076
    ],
    [
      [
        "171",
        "39"
      ],
      3031,
      0.34605453734678293
    ],
    [
      [
        "171",
        "39",
        "40"
      ],
      2019,
      0.32243919942470817
    ]
  ],
  "Run_ID": 3
}