{
  "Algorithm": "HUOMIL",
  "Dataset": "Foodmart",
  "Runtime": 0.010275125503540039,
  "Peak_Memory": 0.0978994369506836,
  "Patterns_Found": 12,
  "Candidates_Evaluated": 12,
  "Pruned_Nodes": 0,
  "Wubocc_Pruned": 0,
  "Total_Expanded": 12,
  "Threshold_Trace": [],
  "Params": {
    "alpha": 0.005,
    "beta": 0.2
  },
  "Patterns": [
    [
      [
        "266"
      ],
      20,
      0.4386854669429936
    ],
    [
      [
        "617"
      ],
      20,
      0.31063490447548114
    ],
    [
      [
        "602"
      ],
      22,
      0.354700621783076
    ],
    [
      [
        "1378"
      ],
      20,
      0.24545315980921228
    ],
    [
      [
        "1389"
      ],
      21,
      0.3018489673280873
    ],
    [
      [
        "625"
      ],
      20,
      0.20706570267856064
    ],
    [
      [
        "391"
      ],
      21,
      0.3626489254871301
    ],
    [
      [
        "1110"
      ],
      21,
      0.27625593047319763
    ],
    [
      [
        "382"
      ],
      22,
      0.44589601325452544
    ],
    [
      [
        "304"
      ],
      23,
      0.305180592288215
    ],
    [
      [
        "447"
      ],
      20,
      0.37399939206102506
    ],
    [
      [
        "1521"
      ],
      21,
      0.3142248211107932
    ]
  ],
  "Run_ID": 1
}