{
  "Algorithm": "HUOPM_Improved",
  "Dataset": "Retail",
  "Runtime": 19.058377027511597,
  "Peak_Memory": 99.98479747772217,
  "Patterns_Found": 111,
  "Candidates_Evaluated": 111,
  "Pruned_Nodes": 0,
  "Wubocc_Pruned": 0,
  "Total_Expanded": 111,
  "Threshold_Trace": [],
  "Params": {
    "alpha": 0.001,
    "beta": 0.3
  },
  "Patterns": [
    [
      [
        "923"
      ],
      141,
      0.3083492676845832
    ],
    [
      [
        "1589"
      ],
      181,
      0.3195323215229548
    ],
    [
      [
        "3006",
        "39"
      ],
      195,
      0.32472288960352713
    ],
    [
      [
        "1819",
        "3312",
        "1820",
        "796"
      ],
      96,
      0.3280717624348272
    ],
    [
      [
        "648",
        "770"
      ],
      150,
      0.4717741186637237
    ],
    [
      [
        "1832",
        "39"
      ],
      252,
      0.3304825475858202
    ],
    [
      [
        "1832",
        "39",
        "40"
      ],
      156,
      0.3187012233560883
    ],
    [
      [
        "1189",
        "39"
      ],
      256,
      0.3430900727144142
    ],
    [
      [
        "1591",
        "39"
      ],
      281,
      0.3369426228873104
    ],
    [
      [
        "1591",
        "39",
        "40"
      ],
      193,
      0.3104343736323531
    ],
    [
      [
        "505",
        "39"
      ],
      245,
      0.3650413636175747
    ],
    [
      [
        "505",
        "39",
        "49"
      ],
      98,
      0.3108397813660272
    ],
    [
      [
        "505",
        "39",
        "40"
      ],
      170,
      0.3276211431177921
    ],
    [
      [
        "1035",
        "770"
      ],
      172,
      0.45457297356773724
    ],
    [
      [
        "1530",
        "42",
        "39"
      ],
      88,
      0.37844222193221183
    ],
    [
      [
        "1530",
        "39"
      ],
      295,
      0.3195369554673611
    ],
    [
      [
        "1530",
        "39",
        "40"
      ],
      202,
      0.3132346017691268
    ],
    [
      [
        "2255",
        "80"
      ],
      120,
      0.30526153253818733
    ],
    [
      [
        "371",
        "42"
      ],
      112,
      0.30833495141448447
    ],
    [
      [
        "371",
        "42",
        "39"
      ],
      111,
      0.4066953739285015
    ],
    [
      [
        "371",
        "42",
        "39",
        "40"
      ],
      88,
      0.41195118983844803
    ],
    [
      [
        "371",
        "42",
        "40"
      ],
      89,
      0.31515725195184846
    ],
    [
      [
        "371",
        "39"
      ],
      362,
      0.356337118835422
    ],
    [
      [
        "371",
        "39",
        "49"
      ],
      191,
      0.308734195525101
    ],
    [
      [
        "371",
        "39",
        "40"
      ],
      241,
      0.3352572980180588
    ],
    [
      [
        "841",
        "42",
        "39"
      ],
      96,
      0.3102887569189369
    ],
    [
      [
        "48",
        "33",
        "39"
      ],
      147,
      0.3477270893097502
    ],
    [
      [
        "48",
        "33",
        "39",
        "49"
      ],
      107,
      0.34555231472464276
    ],
    [
      [
        "48",
        "33",
        "39",
        "49",
        "40"
      ],
      97,
      0.3618926464808914
    ],
    [
      [
        "48",
        "33",
        "39",
        "40"
      ],
      117,
      0.33408880099338045
    ],
    [
      [
        "282",
        "42",
        "39"
      ],
      113,
      0.3229870398779302
    ],
    [
      [
        "791",
        "42",
        "39"
      ],
      202,
      0.3188572041064337
    ],
    [
      [
        "791",
        "42",
        "39",
        "40"
      ],
      153,
      0.3167199819347016
    ],
    [
      [
        "57",
        "42",
        "39"
      ],
      116,
      0.3477495260132497
    ],
    [
      [
        "57",
        "42",
        "39",
        "40"
      ],
      93,
      0.32757056597091533
    ],
    [
      [
        "57",
        "33",
        "39"
      ],
      117,
      0.30828213607669136
    ],
    [
      [
        "57",
        "39"
      ],
      514,
      0.30452734811051074
    ],
    [
      [
        "56",
        "42",
        "39"
      ],
      171,
      0.3676046255894534
    ],
    [
      [
        "56",
        "42",
        "39",
        "49"
      ],
      103,
      0.3199889445162836
    ],
    [
      [
        "56",
        "42",
        "39",
        "49",
        "40"
      ],
      93,
      0.3084822297128762
    ],
    [
      [
        "56",
        "42",
        "39",
        "40"
      ],
      141,
      0.3529230084457104
    ],
    [
      [
        "56",
        "39"
      ],
      657,
      0.34344061627068123
    ],
    [
      [
        "56",
        "39",
        "40"
      ],
      422,
      0.3088542752272016
    ],
    [
      [
        "372",
        "42",
        "39"
      ],
      171,
      0.3238066009556771
    ],
    [
      [
        "372",
        "42",
        "39",
        "40"
      ],
      136,
      0.31513001418013714
    ],
    [
      [
        "287",
        "42",
        "39"
      ],
      259,
      0.39288986513712926
    ],
    [
      [
        "287",
        "42",
        "39",
        "49"
      ],
      157,
      0.3540466525397677
    ],
    [
      [
        "287",
        "42",
        "39",
        "49",
        "40"
      ],
      131,
      0.34556699950074915
    ],
    [
      [
        "287",
        "42",
        "39",
        "40"
      ],
      203,
      0.372667855870552
    ],
    [
      [
        "287",
        "33",
        "39"
      ],
      222,
      0.3723947718735561
    ],
    [
      [
        "287",
        "33",
        "39",
        "49"
      ],
      127,
      0.3133997606918126
    ],
    [
      [
        "287",
        "33",
        "39",
        "40"
      ],
      143,
      0.30121665089638405
    ],
    [
      [
        "287",
        "39"
      ],
      1116,
      0.36938712192050027
    ],
    [
      [
        "287",
        "39",
        "49"
      ],
      581,
      0.3105868318894303
    ],
    [
      [
        "287",
        "39",
        "40"
      ],
      728,
      0.31591102065208926
    ],
    [
      [
        "80",
        "42",
        "39"
      ],
      102,
      0.3291634732932575
    ],
    [
      [
        "2239",
        "271",
        "272"
      ],
      105,
      0.3536910448004662
    ],
    [
      [
        "2239",
        "272",
        "226"
      ],
      91,
      0.3215271504371277
    ],
    [
      [
        "271",
        "272"
      ],
      680,
      0.31212438002843623
    ],
    [
      [
        "271",
        "272",
        "226"
      ],
      140,
      0.3427567196027775
    ],
    [
      [
        "271",
        "272",
        "226",
        "40"
      ],
      111,
      0.3491905043976134
    ],
    [
      [
        "271",
        "272",
        "42"
      ],
      219,
      0.3771476635398483
    ],
    [
      [
        "271",
        "272",
        "42",
        "49"
      ],
      124,
      0.34810010377237377
    ],
    [
      [
        "271",
        "272",
        "42",
        "49",
        "40"
      ],
      104,
      0.33861977062047033
    ],
    [
      [
        "271",
        "272",
        "42",
        "40"
      ],
      179,
      0.37278509647639985
    ],
    [
      [
        "271",
        "272",
        "39"
      ],
      149,
      0.31034991435335124
    ],
    [
      [
        "271",
        "272",
        "39",
        "49"
      ],
      96,
      0.30782314460094573
    ],
    [
      [
        "1328",
        "42",
        "39"
      ],
      150,
      0.30588442532687393
    ],
    [
      [
        "1328",
        "42",
        "39",
        "40"
      ],
      135,
      0.3075252812829096
    ],
    [
      [
        "439",
        "171",
        "39"
      ],
