{
  "Algorithm": "HUOMIL",
  "Dataset": "Retail",
  "Runtime": 16.617922067642212,
  "Peak_Memory": 95.3262586593628,
  "Patterns_Found": 143,
  "Candidates_Evaluated": 143,
  "Pruned_Nodes": 0,
  "Wubocc_Pruned": 0,
  "Total_Expanded": 143,
  "Threshold_Trace": [],
  "Params": {
    "alpha": 0.0008,
    "beta": 0.3
  },
  "Patterns": [
    [
      [
        "37",
        "171",
        "39"
      ],
      210,
      0.3330842392679632
    ],
    [
      [
        "37",
        "171",
        "39",
        "49"
      ],
      107,
      0.31792119815676456
    ],
    [
      [
        "37",
        "171",
        "39",
        "49",
        "40"
      ],
      83,
      0.3188858830292144
    ],
    [
      [
        "37",
        "171",
        "39",
        "40"
      ],
      140,
      0.32853616188205886
    ],
    [
      [
        "38",
        "111",
        "39"
      ],
      75,
      0.4181269103989679
    ],
    [
      [
        "48",
        "33",
        "39"
      ],
      147,
      0.34772708930975016
    ],
    [
      [
        "48",
        "33",
        "39",
        "49"
      ],
      107,
      0.3455523147246428
    ],
    [
      [
        "48",
        "33",
        "39",
        "49",
        "40"
      ],
      97,
      0.36189264648089164
    ],
    [
      [
        "48",
        "33",
        "39",
        "40"
      ],
      117,
      0.33408880099338056
    ],
    [
      [
        "56",
        "39"
      ],
      657,
      0.3434406162706809
    ],
    [
      [
        "56",
        "39",
        "40"
      ],
      422,
      0.30885427522720155
    ],
    [
      [
        "56",
        "42",
        "39"
      ],
      171,
      0.3676046255894531
    ],
    [
      [
        "56",
        "42",
        "39",
        "49"
      ],
      103,
      0.3199889445162838
    ],
    [
      [
        "56",
        "42",
        "39",
        "49",
        "40"
      ],
      93,
      0.30848222971287625
    ],
    [
      [
        "56",
        "42",
        "39",
        "40"
      ],
      141,
      0.35292300844571045
    ],
    [
      [
        "57",
        "39"
      ],
      514,
      0.30452734811051113
    ],
    [
      [
        "57",
        "42",
        "39"
      ],
      116,
      0.34774952601324965
    ],
    [
      [
        "57",
        "42",
        "39",
        "49"
      ],
      71,
      0.3321430474459132
    ],
    [
      [
        "57",
        "42",
        "39",
        "40"
      ],
      93,
      0.3275705659709152
    ],
    [
      [
        "57",
        "33",
        "39"
      ],
      117,
      0.3082821360766913
    ],
    [
      [
        "80",
        "42",
        "39"
      ],
      102,
      0.32916347329325774
    ],
    [
      [
        "80",
        "42",
        "39",
        "49"
      ],
      78,
      0.326020478667361
    ],
    [
      [
        "80",
        "42",
        "39",
        "40"
      ],
      84,
      0.33234582886647146
    ],
    [
      [
        "111",
        "42",
        "39"
      ],
      666,
      0.3955501878636008
    ],
    [
      [
        "111",
        "42",
        "39",
        "40"
      ],
      511,
      0.38137042795414694
    ],
    [
      [
        "111",
        "42",
        "39",
        "49"
      ],
      419,
      0.3479250722834139
    ],
    [
      [
        "111",
        "42",
        "39",
        "49",
        "40"
      ],
      346,
      0.3376100429308521
    ],
    [
      [
        "111",
        "42",
        "33",
        "39"
      ],
      123,
      0.3656680687103915
    ],
    [
      [
        "111",
        "42",
        "33",
        "39",
        "49"
      ],
      86,
      0.33858823629727125
    ],
    [
      [
        "111",
        "42",
        "33",
        "39",
        "49",
        "40"
      ],
      74,
      0.3234249654533888
    ],
    [
      [
        "111",
        "42",
        "33",
        "39",
        "40"
      ],
      94,
      0.3585145689443887
    ],
    [
      [
        "111",
        "39"
      ],
      2725,
      0.39842041465031575
    ],
    [
      [
        "111",
        "39",
        "40"
      ],
      1740,
      0.34842282196942964
    ],
    [
      [
        "111",
        "39",
        "49"
      ],
      1361,
      0.3204147106653949
    ],
    [
      [
        "111",
        "90",
        "39"
      ],
      106,
      0.3713318141354786
    ],
    [
      [
        "111",
        "90",
        "39",
        "49"
      ],
      79,
      0.3379604776627634
    ],
    [
      [
        "111",
        "90",
        "39",
        "40"
      ],
      80,
      0.3331578708685967
    ],
    [
      [
        "111",
        "238"
      ],
      104,
      0.3073513741549101
    ],
    [
      [
        "111",
        "238",
        "39"
      ],
      94,
      0.343158545120858
    ],
    [
      [
        "111",
        "238",
        "39",
        "40"
      ],
      73,
      0.3359095082810934
    ],
    [
      [
        "111",
        "33",
        "39"
      ],
      443,
      0.3458210526100886
    ],
    [
      [
        "111",
        "171"
      ],
      160,
      0.3139704734437879
    ],
    [
      [
        "111",
        "171",
        "39"
      ],
      158,
      0.4233797804504855
    ],
    [
      [
        "111",
        "171",
        "39",
        "40"
      ],
      119,
      0.3841429028226855
    ],
    [
      [
        "111",
        "171",
        "39",
        "49"
      ],
      84,
      0.3687506629424318
    ],
    [
      [
        "111",
        "171",
        "39",
        "49",
        "40"
      ],
      75,
      0.34650777186994974
    ],
    [
      [
        "111",
        "37",
        "39"
      ],
      182,
      0.33692817650774515
    ],
    [
      [
        "111",
        "37",
        "39",
        "40"
      ],
      135,
      0.33640251921225733
    ],
    [
      [
        "111",
        "226",
        "39"
      ],
      102,
      0.3465530279748195
    ],
    [
      [
        "111",
        "226",
        "39",
        "40"
      ],
      85,
      0.3084584516761461
    ],
    [
      [
        "171",
        "39"
      ],
      3031,
      0.34605453734678215
    ],
    [
      [
        "171",
        "39",
        "40"
      ],
      2019,
      0.32243919942470856
    ],
    [
      [
        "171",
        "33",
        "39"
      ],
      532,
      0.3325068935233775
    ],
    [
      [
        "171",
        "33",
        "39",
        "40"
      ],
      326,
      0.31556365217959104
    ],
    [
      [
        "171",
        "226",
        "39"
      ],
      129,
      0.3226397700702228
    ],
    [
      [
        "171",
        "226",
        "39",
        "40"
      ],
      99,
      0.3180442340324821
    ],
    [
      [
        "171",
        "42",
        "39"
      ],
      794,
      0.3740956001534601
    ],
    [
      [
        "171",
        "42",
        "39",
        "49"
      ],
      484,
      0.33906889552700353
    ],
    [
      [
        "171",
        "42",
        "39",
        "49",
        "40"
      ],
      413,
      0.3398751821080757
    ],
    [
      [
        "171",
        "42",
        "39",
        "40"
      ],
      615,
      0.36538100279198643
    ],
    [
      [
        "171",
        "42",
        "33",
        "39"
      ],
      155,
      0.3502813818207999
    ],
    [
      [
        "171",
        "42",
        "33",
        "39",
        "40"
      ],
      119,
      0.35547475977649123
    ],
    [
      [
        "171",
        "42",
        "33",
        "39",
        "49"
      ],
      103,
      0.31752755293970497
    ],
    [
      [
        "171",
        "42",
        "33",
        "39",
        "49",
        "40"
      ],
      87,
      0.31373806880522487
    ],
    [
      [
        "171",
        "90",
        "39"
      ],
      169,
      0.32558471772264685
    ],
    [
