{
  "Algorithm": "HUOPM",
  "Dataset": "Retail",
  "Runtime": 3.542668104171753,
  "Peak_Memory": 73.70177364349365,
  "Patterns_Found": 6,
  "Candidates_Evaluated": 6,
  "Pruned_Nodes": 0,
  "Wubocc_Pruned": 0,
  "Total_Expanded": 6,
  "Threshold_Trace": [],
  "Params": {
    "alpha": 0.01,
    "beta": 0.3
  },
  "Patterns": [
    [
      [
        "287",
        "39"
      ],
      1116,
      0.36938712192050105
    ],
    [
      [
        "111",
        "39"
      ],
      2725,
      0.39842041465031464
    ],
    [
      [
        "111",
        "39",
        "49"
      ],
      1361,
      0.3204147106653948
    ],
    [
      [
        "111",
        "39",
        "40"
      ],
      1740,
      0.34842282196942875
    ],
    [
      [
        "171",
        "39"
      ],
      3031,
      0.34605453734678204
    ],
    [
      [
        "171",
        "39",
        "40"
      ],
      2019,
      0.32243919942470917
    ]
  ],
  "Run_ID": 3
}