{
  "Algorithm": "TopK_Hybrid",
  "Dataset": "Retail",
  "Runtime": 673.5,
  "Patterns_Found": 6,
  "Params": {
    "k": 6,
    "ms": 5,
    "alpha_from_huopm": 0.01,
    "beta": 0.3
  },
  "Patterns": [
    [
      ["15686"],
      1.0
    ],
    [
      ["15687"],
      1.0
    ],
    [
      ["10075", "598", "390"],
      0.8468101864006301
    ],
    [
      ["1589", "502"],
      0.8362306079549479
    ],
    [
      ["7574", "1516", "214"],
      0.8195118585056749
    ],
    [
      ["1591", "372", "111", "171", "39"],
      0.8014391040043995
    ]
  ],
  "Run_ID": "manual"
}
