{
  "Algorithm": "HUOMIL",
  "Dataset": "Retail",
  "Runtime": 8.339607954025269,
  "Peak_Memory": 73.14324188232422,
  "Patterns_Found": 43,
  "Candidates_Evaluated": 43,
  "Pruned_Nodes": 0,
  "Wubocc_Pruned": 0,
  "Total_Expanded": 43,
  "Threshold_Trace": [],
  "Params": {
    "alpha": 0.002,
    "beta": 0.3
  },
  "Patterns": [
    [
      [
        "37",
        "171",
        "39"
      ],
      210,
      0.3330842392679632
    ],
    [
      [
        "56",
        "39"
      ],
      657,
      0.3434406162706809
    ],
    [
      [
        "56",
        "39",
        "40"
      ],
      422,
      0.30885427522720155
    ],
    [
      [
        "57",
        "39"
      ],
      514,
      0.30452734811051113
    ],
    [
      [
        "111",
        "42",
        "39"
      ],
      666,
      0.3955501878636008
    ],
    [
      [
        "111",
        "42",
        "39",
        "40"
      ],
      511,
      0.38137042795414694
    ],
    [
      [
        "111",
        "42",
        "39",
        "49"
      ],
      419,
      0.3479250722834139
    ],
    [
      [
        "111",
        "42",
        "39",
        "49",
        "40"
      ],
      346,
      0.3376100429308521
    ],
    [
      [
        "111",
        "39"
      ],
      2725,
      0.39842041465031575
    ],
    [
      [
        "111",
        "39",
        "40"
      ],
      1740,
      0.34842282196942964
    ],
    [
      [
        "111",
        "39",
        "49"
      ],
      1361,
      0.3204147106653949
    ],
    [
      [
        "111",
        "33",
        "39"
      ],
      443,
      0.3458210526100886
    ],
    [
      [
        "111",
        "37",
        "39"
      ],
      182,
      0.33692817650774515
    ],
    [
      [
        "171",
        "39"
      ],
      3031,
      0.34605453734678215
    ],
    [
      [
        "171",
        "39",
        "40"
      ],
      2019,
      0.32243919942470856
    ],
    [
      [
        "171",
        "33",
        "39"
      ],
      532,
      0.3325068935233775
    ],
    [
      [
        "171",
        "33",
        "39",
        "40"
      ],
      326,
      0.31556365217959104
    ],
    [
      [
        "171",
        "42",
        "39"
      ],
      794,
      0.3740956001534601
    ],
    [
      [
        "171",
        "42",
        "39",
        "49"
      ],
      484,
      0.33906889552700353
    ],
    [
      [
        "171",
        "42",
        "39",
        "49",
        "40"
      ],
      413,
      0.3398751821080757
    ],
    [
      [
        "171",
        "42",
        "39",
        "40"
      ],
      615,
      0.36538100279198643
    ],
    [
      [
        "271",
        "272"
      ],
      680,
      0.3121243800284364
    ],
    [
      [
        "271",
        "272",
        "42"
      ],
      219,
      0.3771476635398484
    ],
    [
      [
        "271",
        "272",
        "42",
        "40"
      ],
      179,
      0.37278509647639996
    ],
    [
      [
        "287",
        "39"
      ],
      1116,
      0.36938712192050094
    ],
    [
      [
        "287",
        "39",
        "49"
      ],
      581,
      0.31058683188943
    ],
    [
      [
        "287",
        "39",
        "40"
      ],
      728,
      0.31591102065208865
    ],
    [
      [
        "287",
        "42",
        "39"
      ],
      259,
      0.3928898651371296
    ],
    [
      [
        "287",
        "42",
        "39",
        "40"
      ],
      203,
      0.372667855870552
    ],
    [
      [
        "287",
        "33",
        "39"
      ],
      222,
      0.37239477187355624
    ],
    [
      [
        "371",
        "39"
      ],
      362,
      0.35633711883542196
    ],
    [
      [
        "371",
        "39",
        "49"
      ],
      191,
      0.30873419552510095
    ],
    [
      [
        "371",
        "39",
        "40"
      ],
      241,
      0.3352572980180591
    ],
    [
      [
        "505",
        "39"
      ],
      245,
      0.36504136361757494
    ],
    [
      [
        "791",
        "42",
        "39"
      ],
      202,
      0.31885720410643353
    ],
    [
      [
        "1189",
        "39"
      ],
      256,
      0.34309007271441444
    ],
    [
      [
        "1530",
        "39"
      ],
      295,
      0.3195369554673611
    ],
    [
      [
        "1530",
        "39",
        "40"
      ],
      202,
      0.31323460176912676
    ],
    [
      [
        "1589"
      ],
      181,
      0.3195323215229548
    ],
    [
      [
        "1591",
        "39"
      ],
      281,
      0.33694262288731036
    ],
    [
      [
        "1591",
        "39",
        "40"
      ],
      193,
      0.3104343736323531
    ],
    [
      [
        "1832",
        "39"
      ],
      252,
      0.33048254758581996
    ],
    [
      [
        "3006",
        "39"
      ],
      195,
      0.3247228896035271
    ]
  ],
  "Run_ID": 1
}