{
  "Algorithm": "HUOMIL",
  "Dataset": "Foodmart",
  "Runtime": 0.010432958602905273,
  "Peak_Memory": 0.09935951232910156,
  "Patterns_Found": 9,
  "Candidates_Evaluated": 9,
  "Pruned_Nodes": 0,
  "Wubocc_Pruned": 0,
  "Total_Expanded": 9,
  "Threshold_Trace": [],
  "Params": {
    "alpha": 0.005,
    "beta": 0.3
  },
  "Patterns": [
    [
      [
        "266"
      ],
      20,
      0.4386854669429936
    ],
    [
      [
        "617"
      ],
      20,
      0.31063490447548114
    ],
    [
      [
        "602"
      ],
      22,
      0.354700621783076
    ],
    [
      [
        "1389"
      ],
      21,
      0.3018489673280873
    ],
    [
      [
        "391"
      ],
      21,
      0.3626489254871301
    ],
    [
      [
        "382"
      ],
      22,
      0.44589601325452544
    ],
    [
      [
        "304"
      ],
      23,
      0.305180592288215
    ],
    [
      [
        "447"
      ],
      20,
      0.37399939206102506
    ],
    [
      [
        "1521"
      ],
      21,
      0.3142248211107932
    ]
  ],
  "Run_ID": 3
}