{
  "Algorithm": "HUOPM",
  "Dataset": "Mushroom",
  "Runtime": 3.401815891265869,
  "Peak_Memory": 57.84402275085449,
  "Patterns_Found": 2,
  "Candidates_Evaluated": 2,
  "Pruned_Nodes": 0,
  "Wubocc_Pruned": 0,
  "Total_Expanded": 2,
  "Threshold_Trace": [],
  "Params": {
    "alpha": 0.3,
    "beta": 0.4
  },
  "Patterns": [
    [
      [
        "23",
        "104",
        "1",
        "67",
        "97",
        "36",
        "94",
        "90"
      ],
      2528,
      0.4079252646339814
    ],
    [
      [
        "104",
        "1",
        "67",
        "38",
        "97",
        "36",
        "94",
        "90"
      ],
      2528,
      0.4034367150609814
    ]
  ],
  "Run_ID": 1
}